时间,无症状感染,现有确诊病例,死亡者
2020/4/1,1075,1863,3318
2020/4/2,1027,1727,3322
2020/4/3,1030,1562,3326
2020/4/4,1024,1376,3329
2020/4/5,1047,1299,3331
2020/4/6,1033,1242,3331
2020/4/7,1095,1190,3333
2020/4/8,1104,1160,3335
2020/4/9,1097,1116,3336
2020/4/10,1092,1089,3339
2020/4/11,1086,1138,3339
2020/4/12,1064,1156,3341
2020/4/13,1005,1170,3341
2020/4/14,1023,1137,3342
2020/4/15,1032,1107,3342
2020/4/16,1038,1081,4632
2020/4/17,1017,1058,4632
2020/4/18,999,1041,4632
2020/4/19,990,1031,4632
2020/4/20,992,1003,4632
2020/4/21,991,1005,4632
2020/4/22,984,959,4632
2020/4/23,979,915,4632
2020/4/24,983,838,4632
2020/4/25,1000,801,4632
2020/4/26,974,723,4633
2020/4/27,997,648,4633
2020/4/28,993,647,4633
2020/4/29,998,619,4633
2020/4/30,981,599,4633
2020/5/1,989,557,4633
2020/5/2,968,531,4633
2020/5/3,962,481,4633
2020/5/4,947,395,4633
2020/5/5,903,339,4633
2020/5/6,880,295,4633
2020/5/7,854,260,4633
2020/5/8,836,208,4633
2020/5/9,794,148,4633
2020/5/10,780,141,4633
2020/5/11,760,115,4633
2020/5/12,750,104,4633
2020/5/13,712,101,4633
2020/5/14,619,91,4633
2020/5/15,561,89,4633
2020/5/16,515,86,4634
2020/5/17,448,82,4634
2020/5/18,389,85,4634
2020/5/19,368,87,4634
2020/5/20,375,84,4634
2020/5/21,365,82,4634
2020/5/22,370,79,4634
2020/5/23,371,79,4634
2020/5/24,396,83,4634
2020/5/25,403,81,4634
2020/5/26,404,79,4634
2020/5/27,413,73,4634
2020/5/28,409,70,4634
2020/5/29,396,63,4634
2020/5/30,389,63,4634
2020/5/31,397,76,4634
2020/6/1,371,73,4634
2020/6/2,357,73,4634
2020/6/3,326,69,4634
2020/6/4,297,66,4634
2020/6/5,257,67,4634
2020/6/6,236,70,4634
2020/6/7,201,65,4634
2020/6/8,174,58,4634
2020/6/9,155,55,4634
2020/6/10,129,62,4634
2020/6/11,104,65,4634
2020/6/12,98,74,4634
2020/6/13,103,129,4634
2020/6/14,112,177,4634
2020/6/15,110,210,4634
2020/6/16,106,252,4634
2020/6/17,111,265,4634
2020/6/18,110,293,4634
2020/6/19,108,308,4634
2020/6/20,111,331,4634
2020/6/21,114,349,4634
2020/6/22,99,359,4634
2020/6/23,100,368,4634
2020/6/24,97,382,4634
2020/6/25,97,389,4634
2020/6/26,106,405,4634
2020/6/27,106,415,4634
2020/6/28,102,418,4634
2020/6/29,99,428,4634
2020/6/30,100,421,4634
2020/7/1,99,416,4634
2020/7/2,97,409,4634
2020/7/3,98,402,4634
2020/7/4,99,403,4634
2020/7/5,109,405,4634
2020/7/6,114,403,4634
2020/7/7,117,390,4634
2020/7/8,112,357,4634
2020/7/9,113,342,4634
2020/7/10,111,330,4634
2020/7/11,112,326,4634
2020/7/12,110,320,4634
2020/7/13,110,297,4634
2020/7/14,110,284,4634
2020/7/15,104,259,4634
2020/7/16,104,251,4634
2020/7/17,109,252,4634
2020/7/18,147,251,4634
2020/7/19,154,249,4634
2020/7/20,149,242,4634
2020/7/21,164,233,4634
2020/7/22,176,240,4634
2020/7/23,204,243,4634
2020/7/24,251,261,4634
2020/7/25,292,288,4634
2020/7/26,302,339,4634
2020/7/27,306,391,4634
2020/7/28,273,482,4634
2020/7/29,280,574,4634
2020/7/30,246,684,4634
2020/7/31,252,714,4634
2020/8/1,257,748,4634
2020/8/2,257,781,4634
2020/8/3,264,800,4634
2020/8/4,272,810,4634
2020/8/5,282,837,4634
2020/8/6,273,843,4634
2020/8/7,271,839,4634
2020/8/8,270,817,4634
2020/8/9,283,802,4634
2020/8/10,285,794,4634
2020/8/11,288,761,4634
2020/8/12,295,724,4634
2020/8/13,309,690,4634
2020/8/14,318,655,4634
2020/8/15,319,618,4634
2020/8/16,351,612,4634
2020/8/17,356,595,4634
2020/8/18,345,569,4634
2020/8/19,352,516,4634
2020/8/20,353,491,4634
2020/8/21,366,454,4634
2020/8/22,370,422,4634
2020/8/23,374,408,4634
2020/8/24,374,386,4634
2020/8/25,365,347,4634
2020/8/26,365,324,4634
2020/8/27,358,288,4634
2020/8/28,351,262,4634
2020/8/29,338,244,4634
2020/8/30,340,237,4634
2020/8/31,356,216,4634
2020/9/1,353,198,4634
2020/9/2,349,192,4634
2020/9/3,358,205,4634
2020/9/4,338,194,4634
2020/9/5,329,186,4634
2020/9/6,329,180,4634
2020/9/7,324,175,4634
2020/9/8,308,165,4634
2020/9/9,301,161,4634
2020/9/10,311,157,4634
2020/9/11,299,154,4634
2020/9/12,357,151,4634
2020/9/13,378,145,4634
2020/9/14,361,142,4634
2020/9/15,361,143,4634
2020/9/16,354,141,4634
2020/9/17,366,165,4634
2020/9/18,374,171,4634
2020/9/19,382,168,4634
2020/9/20,397,173,4634
2020/9/21,391,166,4634
2020/9/22,385,168,4634
2020/9/23,402,167,4634
2020/9/24,398,166,4634
2020/9/25,400,167,4634
2020/9/26,391,176,4634
2020/9/27,367,185,4634
2020/9/28,376,184,4634
2020/9/29,375,191,4634
2020/9/30,363,186,4634
2020/10/1,377,189,4634
2020/10/2,364,189,4634
2020/10/3,366,195,4634
2020/10/4,369,208,4634
2020/10/5,375,213,4634
2020/10/6,376,205,4634
2020/10/7,366,200,4634
2020/10/8,357,206,4634
2020/10/9,380,206,4634
2020/10/10,381,218,4634
2020/10/11,395,230,4634
2020/10/12,386,228,4634
2020/10/13,381,241,4634
2020/10/14,385,240,4634
2020/10/15,376,253,4634
2020/10/16,374,259,4634
2020/10/17,389,252,4634
2020/10/18,401,249,4634
2020/10/19,403,258,4634
2020/10/20,403,247,4634
2020/10/21,406,245,4634
2020/10/22,403,248,4634
2020/10/23,404,265,4634
2020/10/24,405,265,4634
2020/10/25,539,265,4634
2020/10/26,570,264,4634
2020/10/27,570,298,4634
2020/10/28,543,338,4634
2020/10/29,592,339,4634
2020/10/30,611,355,4634
2020/10/31,666,359,4634
2020/11/1,684,363,4634
2020/11/2,725,391,4634
2020/11/3,828,392,4634
2020/11/4,825,400,4634
2020/11/5,832,419,4634
2020/11/6,823,419,4634
2020/11/7,824,410,4634
2020/11/8,804,424,4634
2020/11/9,786,426,4634
2020/11/10,776,422,4634
2020/11/11,728,413,4634
2020/11/12,697,394,4634
2020/11/13,648,388,4634
2020/11/14,613,385,4634
2020/11/15,548,374,4634
2020/11/16,512,353,4634
2020/11/17,456,324,4634
2020/11/18,419,314,4634
2020/11/19,373,311,4634
2020/11/20,378,308,4634
2020/11/21,365,316,4634
2020/11/22,357,315,4634
2020/11/23,348,322,4634
2020/11/24,335,305,4634
2020/11/25,321,306,4634
2020/11/26,308,303,4634
2020/11/27,288,285,4634
2020/11/28,279,280,4634
2020/11/29,281,277,4634
2020/11/30,264,277,4634
2020/12/1,259,268,4634
2020/12/2,254,266,4634
2020/12/3,249,271,4634
2020/12/4,249,273,4634
2020/12/5,234,279,4634
2020/12/6,231,281,4634
2020/12/7,219,280,4634
2020/12/8,210,284,4634
2020/12/9,201,285,4634
2020/12/10,200,292,4634
2020/12/11,196,293,4634
2020/12/12,195,306,4634
2020/12/13,197,313,4634
2020/12/14,196,312,4634
2020/12/15,199,315,4634
2020/12/16,198,301,4634
2020/12/17,198,304,4634
2020/12/18,203,307,4634
2020/12/19,205,309,4634
2020/12/20,208,318,4634
2020/12/21,214,324,4634
2020/12/22,219,320,4634
2020/12/23,229,315,4634
2020/12/24,236,320,4634
2020/12/25,245,328,4634
2020/12/26,251,334,4634
2020/12/27,267,339,4634
2020/12/28,262,348,4634
2020/12/29,269,356,4634
2020/12/30,267,368,4634
2020/12/31,279,370,4634
2021/1/1,280,383,4634
2021/1/2,269,395,4634
2021/1/3,294,411,4634
2021/1/4,318,432,4634
2021/1/5,360,443,4634
2021/1/6,423,485,4634
2021/1/7,458,521,4634
2021/1/8,483,535,4634
2021/1/9,470,588,4634
2021/1/10,506,673,4634
2021/1/11,565,697,4634
2021/1/12,556,784,4634
2021/1/13,599,885,4635
2021/1/14,618,1001,4635
2021/1/15,670,1113,4635
2021/1/16,746,1205,4635
2021/1/17,788,1301,4635
2021/1/18,811,1387,4635
2021/1/19,819,1473,4635
2021/1/20,844,1598,4635
2021/1/21,929,1674,4635
2021/1/22,961,1750,4635
2021/1/23,1017,1800,4635
2021/1/24,959,1850,4635
2021/1/25,956,1885,4636
2021/1/26,991,1862,4636
2021/1/27,988,1820,4636
2021/1/28,996,1802,4636
2021/1/29,976,1711,4636
2021/1/30,910,1668,4636
2021/1/31,891,1614,4636
2021/2/1,872,1582,4636
2021/2/2,829,1516,4636
2021/2/3,788,1411,4636
2021/2/4,755,1304,4636
2021/2/5,733,1235,4636
2021/2/6,682,1176,4636
2021/2/7,639,1118,4636
2021/2/8,593,1057,4636
2021/2/9,555,969,4636
2021/2/10,521,879,4636
2021/2/11,487,820,4636
2021/2/12,470,763,4636
2021/2/13,428,689,4636
2021/2/14,396,637,4636
2021/2/15,387,605,4636
2021/2/16,363,557,4636
2021/2/17,357,520,4636
2021/2/18,338,484,4636
2021/2/19,331,454,4636
2021/2/20,316,423,4636
2021/2/21,309,401,4636
2021/2/22,302,374,4636
2021/2/23,291,370,4636
2021/2/24,279,281,4636
2021/2/25,270,244,4636
2021/2/26,258,230,4636
2021/2/27,257,218,4636
2021/2/28,254,210,4636
2021/3/1,243,200,4636
2021/3/2,249,186,4636
2021/3/3,247,177,4636
2021/3/4,255,178,4636
2021/3/5,256,173,4636
2021/3/6,243,173,4636
2021/3/7,242,183,4636
2021/3/8,246,180,4636
2021/3/9,251,177,4636
2021/3/10,247,181,4636
2021/3/11,244,182,4636
2021/3/12,255,184,4636
2021/3/13,262,183,4636
2021/3/14,265,175,4636
2021/3/15,260,182,4636
2021/3/16,270,176,4636
2021/3/17,261,169,4636
2021/3/18,252,164,4636
2021/3/19,250,162,4636
2021/3/20,238,165,4636
2021/3/21,235,161,4636
2021/3/22,237,158,4636
2021/3/23,236,158,4636
2021/3/24,232,165,4636
2021/3/25,251,163,4636
2021/3/26,270,161,4636
2021/3/27,267,170,4636
2021/3/28,273,172,4636
2021/3/29,263,173,4636
2021/3/30,255,180,4636
2021/3/31,288,187,4636
2021/4/1,295,188,4636
2021/4/2,300,203,4636
2021/4/3,299,215,4636
2021/4/4,304,238,4636
2021/4/5,304,244,4636
2021/4/6,295,248,4636
2021/4/7,291,263,4636
2021/4/8,293,279,4636
2021/4/9,285,283,4636
2021/4/10,296,286,4636
2021/4/11,301,295,4636
2021/4/12,299,293,4636
2021/4/13,293,298,4636
2021/4/14,300,297,4636
2021/4/15,319,299,4636
2021/4/16,326,309,4636
2021/4/17,320,314,4636
2021/4/18,322,315,4636
2021/4/19,316,311,4636
2021/4/20,311,305,4636
2021/4/21,310,303,4636
2021/4/22,324,306,4636
2021/4/23,324,305,4636
2021/4/24,322,308,4636
2021/4/25,325,311,4636
2021/4/26,321,316,4636
2021/4/27,327,317,4636
2021/4/28,329,324,4636
2021/4/29,324,328,4636
2021/4/30,319,325,4636
2021/5/1,319,325,4636
2021/5/2,326,323,4636
2021/5/3,328,325,4636
2021/5/4,323,319,4636
2021/5/5,312,314,4636
2021/5/6,318,308,4636
2021/5/7,313,300,4636
2021/5/8,308,300,4636
2021/5/9,319,298,4636
2021/5/10,318,302,4636
2021/5/11,319,302,4636
2021/5/12,317,291,4636
2021/5/13,328,285,4636
2021/5/14,341,279,4636
2021/5/15,346,291,4636
2021/5/16,347,291,4636
2021/5/17,349,295,4636
2021/5/18,345,296,4636
2021/5/19,350,294,4636
2021/5/20,364,303,4636
2021/5/21,370,301,4636
2021/5/22,376,315,4636
2021/5/23,388,325,4636
2021/5/24,389,319,4636
2021/5/25,382,320,4636
2021/5/26,392,327,4636
2021/5/27,405,316,4636
2021/5/28,403,318,4636
2021/5/29,412,319,4636
2021/5/30,400,328,4636
2021/5/31,391,337,4636
2021/6/1,380,346,4636
2021/6/2,373,364,4636
2021/6/3,375,371,4636
2021/6/4,380,385,4636
2021/6/5,374,392,4636
2021/6/6,376,403,4636
2021/6/7,372,409,4636
2021/6/8,361,413,4636
2021/6/9,371,416,4636
2021/6/10,379,426,4636
2021/6/11,383,446,4636
2021/6/12,382,459,4636
2021/6/13,391,471,4636
2021/6/14,404,483,4636
2021/6/15,421,487,4636
2021/6/16,427,491,4636
2021/6/17,436,501,4636
2021/6/18,455,503,4636
2021/6/19,458,510,4636
2021/6/20,462,519,4636
2021/6/21,465,512,4636
2021/6/22,468,514,4636
2021/6/23,463,492,4636
2021/6/24,463,486,4636
2021/6/25,472,474,4636
2021/6/26,471,462,4636
2021/6/27,481,462,4636
2021/6/28,494,459,4636
2021/6/29,481,455,4636
2021/6/30,474,438,4636
2021/7/1,474,436,4636
2021/7/2,463,431,4636
2021/7/3,452,428,4636
2021/7/4,443,429,4636
2021/7/5,446,418,4636
2021/7/6,471,458,4636
2021/7/7,470,447,4636
2021/7/8,482,451,4636
2021/7/9,480,461,4636
2021/7/10,475,466,4636
2021/7/11,471,478,4636
2021/7/12,471,492,4636
2021/7/13,464,501,4636
2021/7/14,451,506,4636
2021/7/15,451,536,4636
2021/7/16,444,538,4636
2021/7/17,449,549,4636
2021/7/18,448,565,4636
2021/7/19,448,608,4636
2021/7/20,453,602,4636
2021/7/21,456,638,4636
2021/7/22,451,663,4636
2021/7/23,444,681,4636
2021/7/24,437,692,4636
2021/7/25,436,741,4636
2021/7/26,431,795,4636
2021/7/27,426,862,4636
2021/7/28,411,887,4636
2021/7/29,419,932,4636
2021/7/30,423,971,4636
2021/7/31,443,971,4636
2021/8/1,476,1091,4636
2021/8/2,499,1157,4636
2021/8/3,485,1240,4636
2021/8/4,527,1285,4636
2021/8/5,557,1370,4636
2021/8/6,571,1444,4636
2021/8/7,555,1507,4636
2021/8/8,532,1603,4636
2021/8/9,501,1702,4636
2021/8/10,498,1789,4636
2021/8/11,511,1836,4636
2021/8/12,499,1884,4636
2021/8/13,487,1907,4636
2021/8/14,504,1922,4636
2021/8/15,495,1938,4636
2021/8/16,495,1928,4636
2021/8/17,500,1887,4636
2021/8/18,508,1866,4636
2021/8/19,517,1817,4636
2021/8/20,508,1786,4636
2021/8/21,508,1748,4636
2021/8/22,507,1695,4636
2021/8/23,491,1634,4636
2021/8/24,476,1575,4636
2021/8/25,467,1497,4636
2021/8/26,463,1431,4636
2021/8/27,453,1345,4636
2021/8/28,446,1259,4636
2021/8/29,443,1175,4636
2021/8/30,443,1098,4636
2021/8/31,436,1022,4636
2021/9/1,435,977,4636
2021/9/2,433,935,4636
2021/9/3,424,908,4636
2021/9/4,421,876,4636
2021/9/5,416,840,4636
2021/9/6,401,826,4636
2021/9/7,390,795,4636
2021/9/8,376,786,4636
2021/9/9,374,756,4636
2021/9/10,371,731,4636
2021/9/11,396,740,4636
2021/9/12,411,751,4636
2021/9/13,401,810,4636
2021/9/14,386,837,4636
2021/9/15,373,877,4636
2021/9/16,378,916,4636
2021/9/17,369,913,4636
2021/9/18,365,927,4636
2021/9/19,354,942,4636
2021/9/20,349,980,4636
2021/9/21,342,984,4636
2021/9/22,348,990,4636
2021/9/23,348,1009,4636
2021/9/24,348,1020,4636
2021/9/25,350,1013,4636
2021/9/26,344,1012,4636
2021/9/27,337,982,4636
2021/9/28,342,949,4636
2021/9/29,354,908,4636
2021/9/30,359,892,4636
2021/10/1,352,890,4636
2021/10/2,346,868,4636
2021/10/3,343,857,4636
2021/10/4,348,856,4636
2021/10/5,352,838,4636
2021/10/6,357,810,4636
2021/10/7,360,786,4636
2021/10/8,371,766,4636
2021/10/9,369,731,4636
2021/10/10,361,713,4636
2021/10/11,364,669,4636
2021/10/12,359,645,4636
2021/10/13,370,630,4636
2021/10/14,376,556,4636
2021/10/15,372,521,4636
2021/10/16,368,518,4636
2021/10/17,360,516,4636
2021/10/18,356,514,4636
2021/10/19,356,505,4636
2021/10/20,372,492,4636
2021/10/21,384,518,4636
2021/10/22,385,549,4636
2021/10/23,380,564,4636
2021/10/24,380,573,4636
2021/10/25,384,603,4636
2021/10/26,392,643,4636
2021/10/27,408,659,4636
2021/10/28,410,701,4636
2021/10/29,396,763,4636
2021/10/30,399,814,4636
2021/10/31,398,869,4636
2021/11/1,392,912,4636
2021/11/2,384,1000,4636
2021/11/3,406,1080,4636
2021/11/4,426,1129,4636
2021/11/5,433,1141,4636
2021/11/6,442,1169,4636
2021/11/7,456,1202,4636
2021/11/8,507,1222,4636
2021/11/9,529,1222,4636
2021/11/10,538,1246,4636
2021/11/11,533,1280,4636
2021/11/12,518,1280,4636
2021/11/13,532,1350,4636
2021/11/14,521,1347,4636
2021/11/15,510,1295,4636
2021/11/16,500,1257,4636
2021/11/17,494,1233,4636
2021/11/18,499,1206,4636
2021/11/19,487,1158,4636
2021/11/20,479,1098,4636
2021/11/21,489,1051,4636
2021/11/22,494,1006,4636
2021/11/23,489,958,4636
2021/11/24,494,914,4636
2021/11/25,449,860,4636
2021/11/26,439,809,4636
2021/11/27,449,785,4636
2021/11/28,456,787,4636
2021/11/29,462,790,4636
2021/11/30,451,868,4636
2021/12/1,441,906,4636
2021/12/2,449,972,4636
2021/12/3,449,1013,4636
2021/12/4,459,1036,4636
2021/12/5,487,1060,4636
2021/12/6,471,1107,4636
2021/12/7,465,1133,4636
2021/12/8,484,1190,4636
2021/12/9,508,1222,4636
2021/12/10,489,1272,4636
2021/12/11,474,1323,4636
2021/12/12,444,1381,4636
2021/12/13,445,1431,4636
2021/12/14,452,1460,4636
2021/12/15,459,1506,4636
2021/12/16,471,1556,4636
2021/12/17,471,1648,4636
2021/12/18,496,1685,4636
2021/12/19,511,1736,4636
2021/12/20,505,1768,4636
2021/12/21,501,1765,4636
2021/12/22,496,1823,4636
2021/12/23,497,1851,4636
2021/12/24,492,1881,4636
2021/12/25,504,2011,4636
2021/12/26,495,2158,4636
2021/12/27,496,2275,4636
2021/12/28,496,2415,4636
2021/12/29,507,2563,4636
2021/12/30,512,2714,4636
2021/12/31,514,2886,4636
2022/1/1,550,3013,4636
2022/1/2,562,3127,4636
2022/1/3,588,3256,4636
2022/1/4,632,3291,4636
2022/1/5,629,3282,4636
2022/1/6,632,3359,4636
2022/1/7,661,3423,4636
2022/1/8,675,3392,4636
2022/1/9,699,3404,4636
2022/1/10,721,3458,4636
2022/1/11,724,3476,4636
2022/1/12,726,3460,4636
2022/1/13,748,3431,4636
2022/1/14,743,3451,4636
2022/1/15,753,3461,4636
2022/1/16,742,3494,4636
2022/1/17,760,3530,4636
2022/1/18,767,3454,4636
2022/1/19,755,3297,4636
2022/1/20,765,3173,4636
2022/1/21,778,3061,4636
2022/1/22,751,2920,4636
2022/1/23,736,2754,4636
2022/1/24,747,2616,4636
2022/1/25,778,2487,4636
2022/1/26,784,2361,4636
2022/1/27,808,2268,4636
2022/1/28,777,2127,4636
2022/1/29,800,2026,4636
2022/1/30,812,1937,4636
2022/1/31,814,1884,4636
2022/2/1,810,1802,4636
2022/2/2,855,1741,4636
2022/2/3,869,1673,4636
2022/2/4,887,1571,4636
2022/2/5,855,1510,4636
2022/2/6,876,1495,4636
2022/2/7,872,1473,4636
2022/2/8,837,1495,4636
2022/2/9,824,1428,4636
2022/2/10,832,1424,4636
2022/2/11,823,1436,4636
2022/2/12,804,1397,4636
2022/2/13,801,1398,4636
2022/2/14,791,1398,4636
2022/2/15,751,1419,4636
2022/2/16,721,1420,4636
2022/2/17,706,1423,4636
2022/2/18,694,1482,4636
2022/2/19,687,1622,4636
2022/2/20,686,1724,4636
2022/2/21,681,1809,4636
2022/2/22,703,1960,4636
2022/2/23,774,2098,4636
2022/2/24,816,2254,4636
2022/2/25,880,2431,4636
2022/2/26,924,2588,4636
2022/2/27,1006,2754,4636
2022/2/28,1097,2873,4636
2022/3/1,1209,2999,4636
2022/3/2,1298,3094,4636
2022/3/3,1387,3304,4636
2022/3/4,1500,3465,4636
2022/3/5,1647,3691,4636
2022/3/6,2024,3837,4636
2022/3/7,2407,4052,4636
2022/3/8,2749,4208,4636
2022/3/9,3238,4610,4636
2022/3/10,3972,5024,4636
2022/3/11,5076,5461,4636
2022/3/12,6287,7230,4636
2022/3/13,7039,8531,4636
2022/3/14,8650,11984,4636
2022/3/15,9864,13780,4636
2022/3/16,11029,14850,4636
2022/3/17,12786,16974,4636
2022/3/18,14318,18586,4638
2022/3/19,16196,19986,4638
2022/3/20,18327,21388,4638
2022/3/21,20155,23138,4638
2022/3/22,22000,25103,4638
2022/3/23,24062,26253,4638
2022/3/24,27046,26892,4638
2022/3/25,30850,27312,4638
2022/3/26,34508,27567,4638
2022/3/27,38649,27745,4638
2022/3/28,43425,27859,4638
2022/3/29,49421,28163,4638
2022/3/30,54911,28599,4638
2022/3/31,59056,29306,4638
2022/4/1,63886,27128,4638
2022/4/2,73689,26167,4638
2022/4/3,83364,25724,4638
2022/4/4,96803,25060,4638
2022/4/5,113950,24565,4638
2022/4/6,132948,24123,4638
2022/4/7,152693,23832,4638
2022/4/8,174015,23186,4638
2022/4/9,195948,22589,4638
2022/4/10,219896,22395,4638
2022/4/11,240324,21991,4638
2022/4/12,258374,21826,4638
2022/4/13,266230,22822,4638
2022/4/14,276632,24878,4638
2022/4/15,274676,25956,4638
2022/4/16,283814,27885,4638
2022/4/17,282764,28987,4641
2022/4/18,276499,30384,4648
2022/4/19,266288,30773,4655
2022/4/20,261262,31421,4663
2022/4/21,249507,30813,4674
2022/4/22,247348,30662,4686
2022/4/23,249212,29531,4725
2022/4/24,245343,29178,4776
2022/4/25,246139,28726,4828
2022/4/26,225249,26774,4876
2022/4/27,208195,25506,4923
2022/4/28,197213,28317,4975
2022/4/29,191036,26567,5022
2022/4/30,180362,24002,5060
2022/5/1,156131,20173,5092
2022/5/2,133610,16266,5112
2022/5/3,128319,14520,5128
2022/5/4,118737,12755,5141
2022/5/5,111906,11515,5153
2022/5/6,103935,9975,5166
2022/5/7,97512,9181,5174
2022/5/8,92564,8736,5185
2022/5/9,87294,8068,5191
2022/5/10,79926,7568,5198
2022/5/11,75532,7229,5203
2022/5/12,70770,6944,5205
2022/5/13,61780,6353,5206
2022/5/14,58878,6141,5209
2022/5/15,52798,5661,5213
2022/5/16,50461,5359,5214
2022/5/17,47718,5205,5217
2022/5/18,45519,5022,5218
2022/5/19,43766,4906,5218
2022/5/20,41812,4715,5219
2022/5/21,37636,4405,5222
2022/5/22,35217,4275,5223
2022/5/23,30323,3956,5224
2022/5/24,25948,3699,5224
2022/5/25,22128,3387,5225
2022/5/26,19295,3272,5226
2022/5/27,17552,3099,5226
2022/5/28,16181,2929,5226
2022/5/29,13776,2748,5226
2022/5/30,11950,2508,5226
2022/5/31,10638,2296,5226
2022/6/1,9635,2047,5226
2022/6/2,8622,1872,5226
2022/6/3,7318,1614,5226
2022/6/4,6419,1405,5226
2022/6/5,5265,1179,5226
2022/6/6,4637,1076,5226
2022/6/7,4025,981,5226
2022/6/8,3505,906,5226
2022/6/9,3058,795,5226
2022/6/10,2798,786,5226
2022/6/11,2556,863,5226
2022/6/12,2396,886,5226
2022/6/13,2162,919,5226
2022/6/14,1980,949,5226
2022/6/15,1804,948,5226
2022/6/16,1652,951,5226
2022/6/17,1585,914,5226
2022/6/18,1560,897,5226
2022/6/19,1483,840,5226
2022/6/20,1449,809,5226
2022/6/21,1370,762,5226
2022/6/22,1262,717,5226
2022/6/23,1210,660,5226
2022/6/24,1082,623,5226
2022/6/25,1004,586,5226
2022/6/26,919,548,5226
2022/6/27,875,487,5226
2022/6/28,870,464,5226
2022/6/29,832,432,5226
2022/6/30,887,426,5226
2022/7/1,988,446,5226
2022/7/2,1249,510,5226
2022/7/3,1552,532,5226
2022/7/4,1774,610,5226
2022/7/5,1951,724,5226
2022/7/6,2106,809,5226
2022/7/7,2403,870,5226
2022/7/8,2666,938,5226
2022/7/9,2876,1004,5226
2022/7/10,3094,1047,5226
2022/7/11,3208,1060,5226
2022/7/12,3207,1082,5226
2022/7/13,3214,1119,5226
2022/7/14,3336,1139,5226
2022/7/15,3457,1169,5226
2022/7/16,3673,1229,5226
2022/7/17,3806,1310,5226
2022/7/18,4035,1425,5226
2022/7/19,4611,1484,5226
2022/7/20,5043,1615,5226
2022/7/21,5481,1684,5226
2022/7/22,5783,1751,5226
2022/7/23,6288,1757,5226
2022/7/24,6473,1776,5226
2022/7/25,6972,1806,5226
2022/7/26,7197,1796,5226
2022/7/27,7167,1796,5226
2022/7/28,7200,1754,5226
2022/7/29,7136,1755,5226
2022/7/30,7128,1731,5226
2022/7/31,6875,1678,5226
2022/8/1,6572,1594,5226
2022/8/2,6219,1567,5226
2022/8/3,5903,1548,5226
2022/8/4,5604,1623,5226
2022/8/5,5238,1772,5226
2022/8/6,5041,2009,5226
2022/8/7,5067,2270,5226
2022/8/8,5122,2561,5226
2022/8/9,5440,2896,5226
2022/8/10,6263,3471,5226
2022/8/11,7088,4062,5226
2022/8/12,8064,4668,5226
2022/8/13,9719,5232,5226
2022/8/14,10999,5873,5226
2022/8/15,12599,6347,5226
2022/8/16,14626,6844,5226
2022/8/17,17175,7412,5226
2022/8/18,18884,7760,5226
2022/8/19,20053,8243,5226
2022/8/20,20801,8449,5226
2022/8/21,21563,8583,5226
2022/8/22,22161,8391,5226
2022/8/23,22146,8086,5226
2022/8/24,22172,7764,5226
2022/8/25,22447,7648,5226
2022/8/26,22330,7257,5226
2022/8/27,22052,6932,5226
2022/8/28,22062,6648,5226
2022/8/29,22465,6483,5226
2022/8/30,22787,6335,5226
2022/8/31,23663,6298,5226
2022/9/1,24226,6188,5226
2022/9/2,24029,6307,5226
2022/9/3,24079,6198,5226
2022/9/4,24250,6227,5226
2022/9/5,24593,6227,5226
2022/9/6,24868,6280,5226
2022/9/7,24698,6261,5226
2022/9/8,24048,6226,5226
2022/9/9,23313,6135,5226
2022/9/10,23264,5970,5226
2022/9/11,22622,5651,5226
2022/9/12,21990,5417,5226
2022/9/13,21511,5277,5226
2022/9/14,20909,4884,5226
2022/9/15,19449,4246,5226
2022/9/16,18865,4088,5226
2022/9/17,18480,3865,5226
2022/9/18,17987,3646,5226
2022/9/19,17018,3458,5226
2022/9/20,15528,3297,5226
2022/9/21,14776,3183,5226
2022/9/22,14289,3058,5226
2022/9/23,12392,3040,5226
2022/9/24,12067,2947,5226
2022/9/25,11333,2962,5226
2022/9/26,11152,2966,5226
2022/9/27,11104,2991,5226
2022/9/28,10820,2997,5226
2022/9/29,10539,2969,5226
2022/9/30,10482,2909,5226
2022/10/1,10363,2945,5226
2022/10/2,9565,2929,5226
2022/10/3,9194,2970,5226
2022/10/4,8872,2876,5226
2022/10/5,8851,2883,5226
2022/10/6,9544,2957,5226
2022/10/7,10252,3299,5226
2022/10/8,11043,3618,5226
2022/10/9,12084,3886,5226
2022/10/10,12828,4104,5226
2022/10/11,13682,4260,5226
2022/10/12,14345,4397,5226
2022/10/13,14924,4456,5226
2022/10/14,15377,4563,5226
2022/10/15,15551,4504,5226
2022/10/16,15621,4463,5226
2022/10/17,15683,4413,5226
2022/10/18,15680,4312,5226
2022/10/19,15765,4218,5226
2022/10/20,15686,4153,5226
2022/10/21,15409,3986,5226
2022/10/22,15229,3874,5226
2022/10/23,15137,3784,5226
2022/10/24,15096,3654,5226
2022/10/25,15493,3705,5226
2022/10/26,15557,3666,5226
2022/10/27,15902,3658,5226
2022/10/28,16235,3801,5226
2022/10/29,17030,3987,5226
2022/10/30,18677,4278,5226
2022/10/31,20170,4638,5226
2022/11/1,21734,4854,5226
2022/11/2,23516,5164,5226
2022/11/3,25860,5597,5226
2022/11/4,28034,6003,5226
2022/11/5,31151,6324,5226
2022/11/6,35255,6617,5226
2022/11/7,41031,7244,5226
2022/11/8,46608,8313,5226
2022/11/9,52411,9155,5226
2022/11/10,60282,9915,5226
2022/11/11,68842,10919,5226
2022/11/12,80251,12175,5226
2022/11/13,92639,13389,5226
2022/11/14,106375,14473,5226
2022/11/15,121499,15345,5226
2022/11/16,137590,17172,5226
2022/11/17,155397,18477,5226
2022/11/18,173036,19709,5226
2022/11/19,189669,20829,5227
2022/11/20,208514,22210,5229
2022/11/21,228128,23296,5231
2022/11/22,247193,24630,5231
2022/11/23,263010,26813,5232
2022/11/24,282592,28164,5232
2022/11/25,300965,29745,5232
2022/11/26,320219,31410,5233
2022/11/27,342488,33129,5233
2022/11/28,362122,33967,5233
2022/11/29,376862,35616,5233
2022/11/30,388467,37347,5233
2022/12/1,396094,38748,5233
2022/12/2,395916,39358,5233
2022/12/3,391042,40228,5235
2022/12/4,384295,40633,5235
2022/12/5,371140,42481,5235
2022/12/6,356627,42955,5235
2022/12/7,342162,43266,5235
2022/12/8,322042,43158,5235
2022/12/9,296639,41559,5235
2022/12/10,274133,39391,5235
2022/12/11,250822,37968,5235
2022/12/12,230346,36340,5235
